{"Y1aKxXTryUDa7+pN/jVILg==":"7e0f4c54715841-1068x1806.jpg","sXi9JAQbyV3sirloO4ECIg==":"%D1%87%D1%8F-1068x1806.jpg","z4nRV8H9YZ4Z34ltJHeNFg==":"%D0%BF%D0%BF%D0%B0-1068x1806.jpg","MHxJIGS1Pyou20FhR5WrPw==":"%D0%BF%D0%BF%D0%B0-1068x1806.jpg","eSlTCZQAyTDOW4cPSJvWLA==":"%D0%BF%D0%BF%D0%B0-1068x1806.jpg","jJ8/w44Fx1efnu9zbVt8Hg==":"%D0%BF%D0%BF%D0%B0-1068x1806.jpg","rEM0JH0iSXJyXetTmYNW0Q==":"21d41065541789-552x933.jpg","2pLs9ijJDmXVS1JsKpAdxg==":"21d41065541789-1-552x933.jpg","FI617seCpCRvmeP+KDXh4w==":"6d7cc865541789-100x108.jpg","BVsr1BGqgwNoZ2SCz4Jpug==":"%D1%82%D0%B5%D0%BB%D0%B5%D1%86-100x108.jpg","2/Wm2JFa2+QNxuRqVZ3nhg==":"%D0%B1%D0%BB%D0%B8%D0%B7%D0%BD%D1%86-107x108.jpg","jlgr0XTHBmmFEgi78kAMjA==":"%D1%80%D0%B0%D0%BA-100x108.jpg","4TQIf7Xjp3MEptuIjwZmHQ==":"%D0%BB%D0%B5%D0%B2-123x108.jpg","XGanwn9qSyJo24S9lneJSQ==":"%D0%BB%D0%B5%D0%B2-123x100.jpg","6kEdA9RBwZT1ilgJfYKBKw==":"%D0%B4%D0%B5%D0%B2%D0%B0-107x108.jpg","KfrtwVdZQx/qT7JumQPszw==":"%D0%B2%D0%B5%D1%81%D1%8B-100x108.jpg","7oWBteBl0w1voYXUzYQIkw==":"%D0%B2%D0%B5%D1%81%D1%8B-100x108.jpg","5DngzlylXmOpt3yJNT3Stw==":"%D1%81%D0%BA%D0%BE%D1%80%D0%BF-100x127.jpg","IHOY0PnMNa8uQ2tJWsaITA==":"%D1%81%D1%82%D1%80%D0%B5%D0%BB%D0%B5%D1%86-98x127.jpg","tSKq05dmxnWoy2TQLiuMbA==":"%D0%BA%D0%BE%D0%B7%D0%B5%D0%B9-98x126.jpg","NTml8uUUKXbW3J9VaaGKtQ==":"%D0%B2%D0%BE%D0%B4%D0%BE%D0%BB-99x122.jpg","GAZNP/UEu1DtWwktYpnIbA==":"%D1%80%D1%8B%D0%B1%D1%8B-97x127.jpg","6DDbLk2RHrCepBpMKreZEw==":"%D1%8B%D1%83%D0%B0%D1%83%D0%B2-336x933.jpg","oSv/WBeUq56UTqOL4JrRDQ==":"logo.png","P7FT48m1RnbHE+WyfbGFUg==":"6d7cc865541789-1233x1335.jpg","3xcbW6/7qCHAKXmTCfc6ww==":"6d7cc865541789-1-1233x1335.jpg","1IJ68mnveVeDl/HbCtIBrw==":"6d7cc865541789-600x649.jpg","iEWoKvctebCWMCy8yrmW5A==":"%D1%82%D0%B5%D0%BB%D0%B5%D1%86-1264x1335.jpg","z4ZDDIlBFZ3Bgk3bIqlXsQ==":"%D1%82%D0%B5%D0%BB%D0%B5%D1%86-1264x1335.jpg","bP5EutiBx24WO6/XvDV58g==":"%D1%82%D0%B5%D0%BB%D0%B5%D1%86-1264x1335.jpg","2MXom3M+9pGR9BC7vp5lnQ==":"%D0%B1%D0%BB%D0%B8%D0%B7%D0%BD%D1%86-1233x1335.jpg","9zWghfNkgQSwh4HvkvjrqQ==":"%D1%80%D0%B0%D0%BA-1233x1335.jpg","0GA/aoDXluF3qWeOrHSLew==":"%D0%BB%D0%B5%D0%B2-1400x1211.jpg","jr3iw1ffr3M6e94rT84giw==":"%D0%B4%D0%B5%D0%B2%D0%B0-1243x1333.jpg","UQ0tJrL5QIa0RepciVJmzg==":"%D0%B2%D0%B5%D1%81%D1%8B-1234x1332.jpg","n+tJqDD5WuNPHZqfb3Z2hg==":"%D1%81%D0%BA%D0%BE%D1%80%D0%BF-1400x1410.jpg","XlkcY24PUgSaF5cqJu0Cig==":"%D1%81%D1%82%D1%80%D0%B5%D0%BB%D0%B5%D1%86-1400x1410.jpg","wRb1ON1gaDX7dKK0EjwOng==":"%D0%BA%D0%BE%D0%B7%D0%B5%D0%B9-1243x1606.jpg","z4iJJ6zAfVvBmrL+hxQ5gg==":"%D0%B2%D0%BE%D0%B4%D0%BE%D0%BB-1233x1335.jpg","L/Wof5OFzbkisz7c372+7g==":"%D1%80%D1%8B%D0%B1%D1%8B-1225x1329.jpg","X2FgZI5bu0WY60cymOMLiA==":"1cb15445617331-705x712.jpg","skO3/JqAoTfeV0+gxHNNUw==":"6d7cc865541789-1203x1287.jpg","dPn7Kw1yAEhk0gPtWlHJHw==":"%D0%B1%D0%BB%D0%B8%D0%B7%D0%BD%D1%86-1233x1335.jpg","LSU1W7Oi5dTslfPgTI9Xbg==":"%D1%80%D0%B0%D0%BA-1233x1335.jpg","vSkZax4rc64xibfg3E+M4Q==":"%D0%BB%D0%B5%D0%B2-1400x1211.jpg","3y5udkNIq0nA6KINcccZtg==":"%D0%B4%D0%B5%D0%B2%D0%B0-1243x1333.jpg","jqxf4xkj1FeiwC7l0s0Ojw==":"%D1%80%D0%B0%D0%BA-1233x1335.jpg","7mAeWGtZn+Dpfw3WW8iXyw==":"%D0%B2%D0%B5%D1%81%D1%8B-1234x1332.jpg","KmNhlB7RQg7NX7luafBvAw==":"%D1%81%D0%BA%D0%BE%D1%80%D0%BF-1400x1410.jpg","8Edsk10eMQVuLvz81Bl55g==":"%D1%81%D1%82%D1%80%D0%B5%D0%BB%D0%B5%D1%86-1400x1410.jpg","ii/2AZrXpTMdh/DLkNiihg==":"%D0%BA%D0%BE%D0%B7%D0%B5%D0%B9-1243x1606.jpg","nrP//sQPAvG8IynetcWGVg==":"%D0%B2%D0%BE%D0%B4%D0%BE%D0%BB-1233x1335.jpg","eEkwn0ZKGpzS4eVrjFl8VA==":"%D1%80%D1%8B%D0%B1%D1%8B-1225x1329.jpg","P+Ly+yuaxPRfiwPgdzyxHA==":"%D0%BE%D0%B2%D0%B5%D0%BD-%D0%BE%D0%B2%D0%B5%D0%BD-1400x724.jpg","x1SFirdgj142/ci2VYv0zQ==":"%D0%BE%D0%B2%D0%B5%D0%BD%20%D1%82%D0%B5%D0%BB%D0%B5%D1%86-1400x746.jpg","2VvtxGkExY8a9iCvGzKWOA==":"%D0%BE%D0%B2%D0%B5%D0%BD%20%D0%B1%D0%BB%D0%B8%D0%B7%D0%BD%D0%B5%D1%86-1400x746.jpg","XcJydzH/m24Vf+g38j380g==":"%D0%BE%D0%B2%D0%B5%D0%BD-%D1%80%D0%B0%D0%BA-1400x746.jpg","HylzULo+PnF87tpWPpCBFA==":"%D0%BE%D0%B2%D0%B5%D0%BD%20%D0%BB%D0%B5%D0%B2-1399x681.jpg","PoeN6QOQgQlnQsNbx0D6vg==":"%D0%BE%D0%B2%D0%B5%D0%BD%20%D0%B4%D0%B5%D0%B2%D0%B0-1400x746.jpg","OfwtWYip++OVeBrJEwV/Ow==":"%D0%BE%D0%B2%D0%B5%D0%BD%20%D0%B2%D0%B5%D1%81%D1%8B-1400x746.jpg","Z7GHhSOiIeKfiNtN3n/2hQ==":"%D0%BE%D0%B2%D0%B5%D0%BD%20%D1%81%D0%BA%D0%BE%D1%80%D0%BF-1400x746.jpg","upzH7y5zx+oWXvxIunVXUg==":"%D0%BE%D0%B2%D0%B5%D0%BD%20%D0%BA%D0%BE%D0%B7%D0%B5%D1%80%D0%BE%D0%B3-1400x927.jpg","Zi1hoB2hWZmHKXxrO9dLEQ==":"%D0%BE%D0%B2%D0%B5%D0%BD%20%D0%B2%D0%BE%D0%B4%D0%BE%D0%BB%D0%B5%D0%B9-1400x889.jpg","Ozmg5P17a9LQ8+XviSmk6g==":"%D0%BE%D0%B2%D0%B5%D0%BD%20-%20%D1%80%D1%8B%D0%B1%D1%8B-1400x889.jpg","iXSAdPE2oOH2bR4b8IDDqQ==":"%D1%82%D0%B5%D0%BB%D0%B5%D1%86-%D1%82%D0%B5%D0%BB%D0%B5%D1%86-1400x889.jpg","GakxIciaCzsRIsG6hs1ljw==":"%D1%82%D0%B5%D0%BB%D0%B5%D1%86%20-%D0%BE%D0%B2%D0%B5%D0%BD-1400x746.jpg","q8WDJalpk3MhihU/3xwSHw==":"%D1%82%D0%B5%D0%BB%D0%B5%D1%86-%D0%B1%D0%BB%D0%B8%D0%B7%D0%BD%D0%B5%D1%86%D1%8B-1400x867.jpg","ZMEagRgCDZsFCpPX2O/xfg==":"%D1%82%D0%B5%D0%BB%D0%B5%D1%86%20%D1%80%D0%B0%D0%BA-1400x889.jpg","GywxJSkBKrfVtORjyWpJSw==":"%D1%82%D0%B5%D0%BB%D0%B5%D1%86%20%D0%BB%D0%B5%D0%B2-1400x781.jpg","yzGwyD7N0H1J94mWcI8bpg==":"%D1%82%D0%B5%D0%BB%D0%B5%D1%86-%D0%B4%D0%B5%D0%B2%D0%B0-1400x881.jpg","bY2j7omrJ6e043Lntqb0cw==":"%D1%82%D0%B5%D0%BB%D0%B5%D1%86-%D0%B2%D0%B5%D1%81%D1%8B-1400x889.jpg","bktiYKN0sZRGCz1fVG4HKQ==":"%D1%82%D0%B5%D0%BB%D0%B5%D1%86-%D1%81%D1%82%D1%80%D0%B5%D0%BB%D0%B5%D1%86-1400x889.jpg","ro/trl5NR3DFQIXEJLtuaw==":"%D1%82%D0%B5%D0%BB%D0%B5%D1%86%20%D1%81%D0%BA%D0%BE%D1%80%D0%BF%D0%B8%D0%BE%D0%BD-1400x881.jpg","hPdr+rDm0CtDtcXVLvy7IQ==":"%D1%82%D0%B5%D0%BB%D0%B5%D1%86%20%D0%B2%D0%BE%D0%B4%D0%BE%D0%BB%D0%B5%D0%B9-1400x881.jpg","jTDRRAmMqHp4oNBLOzfC8A==":"%D1%82%D0%B5%D0%BB%D0%B5%D1%86-%D1%80%D1%8B%D0%B1%D1%8B-1400x889.jpg","7nc8VbSkY94PhWZf+VcEiw==":"%D0%B1%D0%BB%D0%B8%D0%B7%D0%BD%D0%B5%D1%86%20%D0%BE%D0%B2%D0%B5%D0%BD-1400x746.jpg","zOrgrJurvFnjVRs8vLWQrA==":"%D0%B1%D0%BB%D0%B8%D0%B7%D0%BD%D0%B5%D1%86%D1%8B%20%D1%82%D0%B5%D0%BB%D0%B5%D1%86-1400x867.jpg","6nHcJ885J0bQO8Y1xmvCbg==":"%D0%B1%D0%BB%D0%B7%D0%BD-%D0%B1%D0%BB%D0%B7%D0%BD-1400x807.jpg","IiziTF8rpJUKJB3rFRxLEA==":"%D0%B1%D0%BB%D0%B7%D0%BD-%D1%80%D0%B0%D0%BA-1400x841.jpg","Cvmiefni9UjAa1e93aMe7w==":"%D0%B1%D0%BB%D0%B8%D0%B7%D0%BD%20%D1%80%D1%8B%D0%B1%D1%8B-1400x841.jpg","FWi9TbQgXYN0fwkC2UVPkw==":"%D0%B1%D0%BB%D0%B7%D0%BD-%D0%B2%D0%BE%D0%B4%D0%BE%D0%BB-1400x841.jpg","KvfvVGi0MpMKeBCt+YTrcg==":"%D0%B1%D0%BB%D0%B8%D0%B7%D0%BD-%D0%BA%D0%BE%D0%B7%D0%B5%D0%B9%D1%80%D0%BE%D0%B3-1400x841.jpg","jsymyG+dcqrljGREV8LlMA==":"%D0%B1%D0%BB%D0%B8%D0%B7%D0%BD%20-%D1%81%D1%82%D1%80%D0%B5%D0%BB%D0%B5%D1%86-1400x841.jpg","Khtrskr+f1qEg/lgVlKD3A==":"%D0%B1%D0%BB%D0%B7%D0%BD%20%D1%81%D0%BA%D0%BE%D1%80%D0%BF-1400x841.jpg","jE2fTaHDDCzRjoBbRslZ2A==":"%D0%B1%D0%BB%D0%B7%D0%BD-%D0%B2%D0%B5%D1%81%D1%8B-1400x841.jpg","CcUuUyf3QrIqpxwQOLyqmg==":"%D0%B1%D0%BB%D0%B7%D0%BD-%D0%B4%D0%B5%D0%B2%D0%B0-1400x841.jpg","sw+mzsPpQUJMCSoWpfZsnw==":"%D0%B1%D0%BB%D0%B7%D0%BD-%D0%BB%D0%B5%D0%B2-1400x756.jpg","RqJTk1h+tnoYt/xfl53nsQ==":"%D1%80%D0%B0%D0%BA-%D0%BE%D0%B2%D0%B5%D0%BD-1400x746.jpg","oWJ4MAWWIhhhjvD34JtVyw==":"%D1%80%D0%B0%D0%BA-%D1%80%D0%B0%D0%BA-1400x677.jpg","IznpE5audbI4QHaid/4+EA==":"%D1%80%D0%B0%D0%BA%20%D0%BB%D0%B5%D0%B2-1400x756.jpg","L51bFovSL50bHLPsTDR/sw==":"%D1%80%D0%B0%D0%BA-%D0%B4%D0%B5%D0%B2%D0%B0-1399x681.jpg","Oqkf2iwrNgyz3vSf2Fgz6Q==":"%D1%80%D0%B0%D0%BA%20%D0%B2%D0%B5%D1%81%D1%8B-1400x693.jpg","L+90QAYrJFOFzn0hZcvp/g==":"%D1%80%D0%B0%D0%BA%20%D1%81%D0%BA%D0%BE%D1%80%D0%BF-1399x791.jpg","+u1IutuggQ6Iy60kAiX+Mg==":"%D1%80%D0%B0%D0%BA%20%D1%81%D1%82%D1%80%D0%B5%D0%BB%D0%B5%D1%86-1399x755.jpg","bFsokosL9iNVXckBqhXeqg==":"%D1%80%D0%B0%D0%BA%20%D0%BA%D0%BE%D0%B7%D0%B5%D1%80%D0%BE%D0%B3-1400x841.jpg","4muTEAiPjHkry1aNPovBPw==":"%D1%80%D0%B0%D0%BA%20%D0%B2%D0%BE%D0%B4%D0%BE%D0%BB-1400x834.jpg","y/eikkbFigbvPQ4/OnuUtw==":"%D1%80%D0%B0%D0%BA%20%D1%80%D1%8B%D0%B1%D1%8B-1400x755.jpg","ieGFXdqh06RRfrNUrUW98g==":"%D0%BB%D0%B5%D0%B2%20%D1%80%D0%B0%D0%BA-1400x756.jpg","qV0EoK0GHaPK0TlT2ntCGg==":"%D0%BB%D0%B5%D0%B2%20%D0%BB%D0%B5%D0%B2-1400x700.jpg","YrTqgzmO6wjpW6A1Xk4wDA==":"%D0%BB%D0%B5%D0%B2-%D0%B1%D0%BB%D0%B8%D0%B7%D0%BD%D0%B5%D1%86-1400x756.jpg","NLUdnF6g1a2cIy6q9qXJqA==":"%D0%BB%D0%B5%D0%B2%20%D1%82%D0%B5%D0%BB%D0%B5%D1%86-1400x781.jpg","wgl0UD0E/87mOtSIfR88VQ==":"%D0%BB%D0%B5%D0%B2%20%D0%BE%D0%B2%D0%B5%D0%BD-1399x681.jpg","7nKNC1Q7VCiaQ8xmf94JHg==":"%D0%BB%D0%B5%D0%B2%20%D0%B4%D0%B5%D0%B2%D0%B0-1400x756.jpg","WLmJmVcjKq2Odi9KhSkxaQ==":"%D0%BB%D0%B5%D0%B2%20%D0%B2%D0%B5%D1%81%D1%8B-1400x756.jpg","Mde0TRb897onQGCD/c7EIw==":"%D0%BB%D0%B5%D0%B2%20%D1%81%D0%BA%D0%BE%D1%80%D0%BF%D0%B8%D0%BE%D0%BD-1400x804.jpg","u/FgDlKhY6Gck3rvf1tI0Q==":"%D0%BB%D0%B5%D0%B2-%D1%81%D1%82%D1%80%D0%B5%D0%BB%D0%B5%D1%86-1400x756.jpg","sg3DL3Bme3EKZtD9qAZpyQ==":"%D0%BB%D0%B5%D0%B2%20%D0%BA%D0%BE%D0%B7%D0%B5%D1%80%D0%BE%D0%B3-1400x841.jpg","lVHZexdNPW1gp5V7PRxk+w==":"%D0%BB%D0%B5%D0%B2%20%D0%B2%D0%BE%D0%B4%D0%BE%D0%BB%D0%B5%D0%B9-1400x840.jpg","To0JAU5pAt4Fv+7a3d28GQ==":"%D0%BB%D0%B5%D0%B2%20%D1%80%D1%8B%D0%B1%D1%8B-1400x756.jpg","DSygr6mB7vLR9HFB5UdYLA==":"%D0%B4%D0%B5%D0%B2%D0%B0%20%D0%BB%D0%B5%D0%B2-1400x756.jpg","dYemT8qOQdmb/dZHvxGM0w==":"%D0%B4%D0%B5%D0%B2%D0%B0%20%D1%80%D0%B0%D0%BA-1399x681.jpg","NyJCEEtvY9Du5BQk31ERSw==":"%D0%B4%D0%B5%D0%B2%D0%B0%20%D0%B1%D0%BB%D0%B8%D0%B7%D0%BD%D0%B5%D1%86-1400x841.jpg","QGbXKBbYJVwZGBsepUEe+Q==":"%D0%B4%D0%B5%D0%B2%D0%B0%20%D1%82%D0%B5%D0%BB%D0%B5%D1%86-1400x881.jpg","N4jXkj8z7fLyMs7Xh1NZ3g==":"%D0%B4%D0%B5%D0%B2%D0%B0-%D0%BE%D0%B2%D0%B5%D0%BD-1400x746.jpg","tSt1uV8zHkXpFI9YSi6ljA==":"%D0%B4%D0%B5%D0%B2%D0%B0%20%D0%B4%D0%B5%D0%B2%D0%B0-1400x717.jpg","gUoe+c/yLYC+zg3zLPFghA==":"%D0%B4%D0%B5%D0%B2%D0%B0%20%D0%B2%D0%B5%D1%81%D1%8B-1400x748.jpg","m3HlwQR8PzmtyvT2T6DFpA==":"%D0%B4%D0%B5%D0%B2%D0%B0%20%D1%81%D0%BA%D0%BE%D1%80%D0%BF%D0%B8%D0%BE%D0%BD-1400x804.jpg","Yn/sKMFrMG+LoL4D5RRadg==":"%D0%B4%D0%B5%D0%B2%D0%B0%20%D1%81%D1%82%D1%80%D0%B5%D0%BB%D0%B5%D1%86-1400x748.jpg","FheHOaJwa1/u9La74HSgDg==":"%D0%B4%D0%B5%D0%B2%D0%B0%20%D0%BA%D0%BE%D0%B7%D0%B5%D1%80%D0%BE%D0%B3-1400x841.jpg","EuVgv9+yq0R/QOwVse8HVA==":"%D0%B4%D0%B5%D0%B2%D0%B0%20%D0%B2%D0%BE%D0%B4%D0%BE%D0%BB%D0%B5%D0%B9-1400x813.jpg","mi98Ok9yB60XIQJVbxgk3A==":"%D0%B4%D0%B5%D0%B2%D0%B0%20%D1%80%D1%8B%D0%B1%D1%8B-1400x697.jpg","cfmtvQ5O7Cj00UrOA1AnKQ==":"%D0%B2%D0%B5%D1%81%D1%8B%20%D0%BE%D0%B2%D0%B5%D0%BD-1400x746.jpg","1vBRVObOak/Zpx7P9aaZtg==":"%D0%B2%D0%B5%D1%81%D1%8B%20%D1%82%D0%B5%D0%BB%D0%B5%D1%86-1400x889.jpg","to+/19GZ1OWH1fVlHLMXSA==":"%D0%B2%D0%B5%D1%81%D1%8B%20%D0%B1%D0%BB%D0%B8%D0%B7%D0%BD%D0%B5%D1%86-1400x841.jpg","HBRPsVW+2F8mbcoNGBWcvA==":"%D0%B2%D0%B5%D1%81%D1%8B%20%D1%80%D0%B0%D0%BA-1400x693.jpg","R0waAax6P1tHxnEjIAzoXw==":"%D0%B2%D0%B5%D1%81%D1%8B%20%D0%BB%D0%B5%D0%B2-1400x756.jpg","0TUEdiA3YIuXz2A6VJ7U/w==":"%D0%B2%D0%B5%D1%81%D1%8B%20%D0%B4%D0%B5%D0%B2%D0%B0-1400x748.jpg","hQ7O3nEUe6mCt81Aq5zl9w==":"%D0%B2%D0%B5%D1%81%D1%8B%20%D1%80%D1%8B%D0%B1%D1%8B-1400x701.jpg","P3ebbYFwFkyFr8drofEkxw==":"%D0%B2%D0%B5%D1%81%D1%8B%20%D0%B2%D0%BE%D0%B4%D0%BE%D0%BB%D0%B5%D0%B9-1400x769.jpg","P9+9LQZIkkZ8Dw3tnoY6ZQ==":"%D0%B2%D0%B5%D1%81%D1%8B%20%D0%BA%D0%BE%D0%B7%D0%B5%D1%80%D0%BE%D0%B3-1399x901.jpg","SNRA1/4NCdtQFLbg+PB8XQ==":"%D0%B2%D0%B5%D1%81%D1%8B%20%D1%81%D1%82%D1%80%D0%B5%D0%BB%D0%B5%D1%86-1400x744.jpg","7tHLm14S9V+cvIo6/JU2PA==":"%D0%B2%D0%B5%D1%81%D1%8B%20%D1%81%D0%BA%D0%BE%D1%80%D0%BF%D0%B8%D0%BE%D0%BD-1400x796.jpg","UDHT579/UHMV50gcj4JjuA==":"%D0%B2%D0%B5%D1%81%D1%8B%20%D0%B2%D0%B5%D1%81%D1%8B-1399x626.jpg","xsrM9/2DnAAI9YJ2mYHtCA==":"%D0%B2%D0%B5%D1%81%D1%8B-1234x1332.jpg","Bpm8mYuTwmRaHK2AWvThTQ==":"%D1%81%D0%BA%D0%BE%D1%80%D0%BF%20%D0%BE%D0%B2%D0%B5%D0%BD-1400x746.jpg","FIcl3c14Z2BWOrrgq8pb+w==":"%D1%81%D0%BA%D0%BE%D1%80%D0%BF%20%D1%82%D0%B5%D0%BB%D0%B5%D1%86-1400x881.jpg","Xip9I/ubJrwbO4bZP1/Diw==":"%D1%81%D0%BA%D0%BE%D1%80%D0%BF%20%D0%B1%D0%BB%D0%B7%D0%BD-1400x841.jpg","myc8YrjRJ1VcP/iNf4E8Nw==":"%D1%81%D0%BA%D0%BE%D1%80%D0%BF%20%D0%B1%D0%BB%D0%B7%D0%BD-1400x841.jpg","E9LUxz6cBetXgUxI9pWyKg==":"%D1%81%D0%BA%D0%BE%D1%80%D0%BF%20%D1%80%D0%B0%D0%BA-1399x791.jpg","QDWyeYPUu2THLFDR6IZJ7w==":"%D1%81%D0%BA%D0%BE%D1%80%D0%BF%20%D0%BB%D0%B5%D0%B2-1400x804.jpg","Ndm/10oL0o2ULHK+Mtgekw==":"%D1%81%D0%BA%D0%BE%D1%80%D0%BF%20%D0%B4%D0%B5%D0%B2%D0%B0-1400x804.jpg","/CcWnU5M45hXi0QujcaAIA==":"%D1%81%D0%BA%D0%BE%D1%80%D0%BF%20%D0%B2%D0%B5%D1%81%D1%8B-1400x796.jpg","+oroKjxCphFq9ZJ8npHb7w==":"%D1%81%D0%BA%D0%BE%D1%80%D0%BF%20%D1%81%D0%BA%D0%BE%D1%80%D0%BF-1400x742.jpg","1l5EpZjDJ8yhAGqQMRrtJw==":"%D1%81%D0%BA%D0%BE%D1%80%D0%BF%20%D1%81%D1%82%D1%80%D0%B5%D0%BB%D0%B5%D1%86-1400x742.jpg","XZ+UjfkSft4QflI+cv338Q==":"%D1%81%D0%BA%D0%BE%D1%80%D0%BF%20%D0%BA%D0%BE%D0%B7%D0%B5%D1%80-1400x856.jpg","uMwvvluwSDQFhCFuj2fBwg==":"%D1%81%D0%BA%D0%BE%D1%80%D0%BF%20%D0%B2%D0%BE%D0%B4%D0%BE%D0%BB-1399x802.jpg","fFwa9Qzj3a5GZNF1NkBopw==":"%D1%81%D0%BA%D0%BE%D1%80%D0%BF%20%D1%80%D1%8B%D0%B1%D1%8B-1400x742.jpg","q94kJSTyFIZbGFy9tRDnqg==":"%D1%81%D0%BA%D0%BE%D1%80%D0%BF-1400x1410.jpg","btO9eoFSsNvlF7zwNwazEg==":"%D1%81%D1%82%D1%80%D0%B5%D0%BB%D0%B5%D1%86-1400x1410.jpg","XH/m8Lwp8oNwS5HqliaOFQ==":"%D0%BA%D0%BE%D0%B7%D0%B5%D0%B9-1243x1606.jpg","NoXm7KZeaMorujP0BSPKhg==":"%D0%B2%D0%BE%D0%B4%D0%BE%D0%BB-1233x1335.jpg","B/TsNPP5b985GU0+OGznSw==":"%D1%80%D1%8B%D0%B1%D1%8B-1225x1329.jpg","hfHk0+paPvyiFwKgoYgJng==":"%D1%81%D0%BA%D0%BE%D1%80%D0%BF%20%D1%81%D1%82%D1%80%D0%B5%D0%BB%D0%B5%D1%86-1400x742.jpg","6gdc03MQe8aOtg54mmeRoA==":"%D0%B2%D0%B5%D1%81%D1%8B%20%D1%81%D1%82%D1%80%D0%B5%D0%BB%D0%B5%D1%86-1400x744.jpg","o277wjisySPrHhG/1Xipog==":"%D0%B4%D0%B5%D0%B2%D0%B0%20%D1%81%D1%82%D1%80%D0%B5%D0%BB%D0%B5%D1%86-1400x748.jpg","ziEXjuVjd9k63BbUwYzKlQ==":"%D0%BB%D0%B5%D0%B2-%D1%81%D1%82%D1%80%D0%B5%D0%BB%D0%B5%D1%86-1400x756.jpg","R3M2XGSkta1Mm/SvgO1NBQ==":"%D0%B1%D0%BB%D0%B8%D0%B7%D0%BD%20-%D1%81%D1%82%D1%80%D0%B5%D0%BB%D0%B5%D1%86-1400x841.jpg","wI6OYVEVoLmTQWjN+Myfng==":"%D1%80%D0%B0%D0%BA%20%D1%81%D1%82%D1%80%D0%B5%D0%BB%D0%B5%D1%86-1399x755.jpg","cTC0xiUJEjPvPUBc4vjpGA==":"%D1%82%D0%B5%D0%BB%D0%B5%D1%86-%D1%81%D1%82%D1%80%D0%B5%D0%BB%D0%B5%D1%86-1400x889.jpg","PinLxA/zvuRtLtqiYpe2lg==":"%D0%BE%D0%B2%D0%B5%D0%BD%20%D1%81%D1%82%D1%80%D0%B5%D0%BB%D0%B5%D1%86-1400x746.jpg","Hnc+YbMq3F0lxJ407NE/SQ==":"%D0%BE%D0%B2%D0%B5%D0%BD%20%D1%81%D1%82%D1%80%D0%B5%D0%BB%D0%B5%D1%86-1400x746.jpg","RDSVlGnduJ7oTCa9WtNP1g==":"%D0%BE%D0%B2%D0%B5%D0%BD%20%D1%81%D1%82%D1%80%D0%B5%D0%BB%D0%B5%D1%86-1400x746.jpg","w2x7vNk1dVKxocqLTrrybw==":"%D1%81%D1%82%D1%80%D0%B5%D0%BB%D0%B5%D1%86-%D1%81%D1%82%D1%80%D0%B5%D0%BB%D0%B5%D1%86-1400x804.jpg","GjI4effBz8iUh9/x+SljYw==":"%D1%81%D1%82%D1%80%D0%B5%D0%BB%D0%B5%D1%86-%D0%BA%D0%BE%D0%B7%D0%B5%D1%80%D0%BE%D0%B3-1400x883.jpg","lq3UwBRE8x19XYHwylg35Q==":"%D1%81%D1%82%D1%80%D0%B5%D0%BB%D0%B5%D1%86-%D0%B2%D0%BE%D0%B4%D0%BE%D0%BB%D0%B5%D0%B9-1400x841.jpg","VLP6zZTPZU3I3YAiUavCLQ==":"%D1%81%D1%82%D1%80%D0%B5%D0%BB%D0%B5%D1%86-%D1%80%D1%8B%D0%B1%D1%8B-1400x728.jpg","bNQR5P+qnLOcFRvIox1AJQ==":"%D1%81%D0%BA%D0%BE%D1%80%D0%BF%20%D0%BA%D0%BE%D0%B7%D0%B5%D1%80-1400x856.jpg","mrx9JUFUevMksz4Y5TSX5A==":"%D0%B2%D0%B5%D1%81%D1%8B%20%D0%BA%D0%BE%D0%B7%D0%B5%D1%80%D0%BE%D0%B3-1399x901.jpg","ZyAQsdkOgfW2WL6J9i86LA==":"%D0%B4%D0%B5%D0%B2%D0%B0%20%D0%BA%D0%BE%D0%B7%D0%B5%D1%80%D0%BE%D0%B3-1400x841.jpg","JB5dsmHUs/RJf/xYKHie9Q==":"%D0%BB%D0%B5%D0%B2%20%D0%BA%D0%BE%D0%B7%D0%B5%D1%80%D0%BE%D0%B3-1400x841.jpg","RCbtoEwoKSoIR3L8BbG3+Q==":"%D1%80%D0%B0%D0%BA%20%D0%BA%D0%BE%D0%B7%D0%B5%D1%80%D0%BE%D0%B3-1400x841.jpg","H4PmFfg4XR3lcN8oJeQscw==":"%D0%B1%D0%BB%D0%B8%D0%B7%D0%BD-%D0%BA%D0%BE%D0%B7%D0%B5%D0%B9%D1%80%D0%BE%D0%B3-1400x841.jpg","4gAnFD2R2wPzVgNIThhB9A==":"%D0%B1%D0%BB%D0%B8%D0%B7%D0%BD-%D0%BA%D0%BE%D0%B7%D0%B5%D0%B9%D1%80%D0%BE%D0%B3-1400x841.jpg","k8uOA7KpOs0gUdR/bFI7cg==":"%D0%B1%D0%BB%D0%B8%D0%B7%D0%BD%20-%D1%81%D1%82%D1%80%D0%B5%D0%BB%D0%B5%D1%86-1400x841.jpg","xTe5nFndoh7diRdybe+1Tg==":"%D1%82%D0%B5%D0%BB%D0%B5%D1%86-%D1%81%D1%82%D1%80%D0%B5%D0%BB%D0%B5%D1%86-1400x889.jpg","7aisdyq2rv2rGpbDiITYiQ==":"%D0%BE%D0%B2%D0%B5%D0%BD%20%D1%81%D1%82%D1%80%D0%B5%D0%BB%D0%B5%D1%86-1400x746.jpg","pd14X+nc0zHw7gpfVLxTfw==":"%D1%80%D0%B0%D0%BA%20%D1%81%D1%82%D1%80%D0%B5%D0%BB%D0%B5%D1%86-1399x755.jpg","Hx4FleZCBjf3JwTUY7GYug==":"%D0%BB%D0%B5%D0%B2-%D1%81%D1%82%D1%80%D0%B5%D0%BB%D0%B5%D1%86-1400x756.jpg","nZipqWNB3qzWlrqp3OvHgw==":"%D0%B4%D0%B5%D0%B2%D0%B0%20%D1%81%D1%82%D1%80%D0%B5%D0%BB%D0%B5%D1%86-1400x748.jpg","inBBAJvFVmMJJe2gPNYrTA==":"%D0%B2%D0%B5%D1%81%D1%8B%20%D1%81%D1%82%D1%80%D0%B5%D0%BB%D0%B5%D1%86-1400x744.jpg","CLTHTtAnOMhkIuGFVkQWpg==":"%D1%81%D0%BA%D0%BE%D1%80%D0%BF%20%D1%81%D1%82%D1%80%D0%B5%D0%BB%D0%B5%D1%86-1400x742.jpg","oc56xR35aIkLIAhyXycqgQ==":"%D0%B1%D0%BB%D0%B8%D0%B7%D0%BD-%D0%BA%D0%BE%D0%B7%D0%B5%D0%B9%D1%80%D0%BE%D0%B3-1400x841.jpg","FvoVoyWmxj2l4JZ+dikmEw==":"%D1%80%D0%B0%D0%BA%20%D0%BA%D0%BE%D0%B7%D0%B5%D1%80%D0%BE%D0%B3-1400x841.jpg","lIn8gpfiTQeFgNxaijAP/w==":"%D0%BB%D0%B5%D0%B2%20%D0%BA%D0%BE%D0%B7%D0%B5%D1%80%D0%BE%D0%B3-1400x841.jpg","/+Wo5bpcTq2meokJMcVY1w==":"%D0%B4%D0%B5%D0%B2%D0%B0%20%D0%BA%D0%BE%D0%B7%D0%B5%D1%80%D0%BE%D0%B3-1400x841.jpg","QGhejM3+AWgRf6gxi1OT7w==":"%D0%B2%D0%B5%D1%81%D1%8B%20%D0%BA%D0%BE%D0%B7%D0%B5%D1%80%D0%BE%D0%B3-1399x901.jpg","Dst9J2X5vP6N9miZrgAPQA==":"%D1%81%D0%BA%D0%BE%D1%80%D0%BF%20%D0%BA%D0%BE%D0%B7%D0%B5%D1%80-1400x856.jpg","y6wHm8evgZLFLwIir81OAA==":"%D1%81%D1%82%D1%80%D0%B5%D0%BB%D0%B5%D1%86%20%D0%BE%D0%B3%D0%B2%D0%B5%D0%BD-1400x746.jpg","fLTKi5TF4SW/gsXiIQmWVQ==":"%D1%81%D1%82%D1%80%D0%B5%D0%BB%D0%B5%D1%86%20%D0%B1%D0%BB%D0%B8%D0%B7%D0%BD-1400x841.jpg","p8MSxmMa5Up/Qngqxh4R2A==":"%D1%81%D1%82%D1%80%D0%B5%D0%BB%D0%B5%D1%86%20%D1%80%D0%B0%D0%BA-1399x755.jpg","NYHT2yUcBvO0IoPioTknfQ==":"%D1%81%D1%82%D1%80%D0%B5%D0%BB%D0%B5%D1%86%20%D0%BB%D0%B5%D0%B2-1400x756.jpg","C+7vhr5FSCHIpjH9SUdmAw==":"%D1%81%D1%82%D1%80%D0%B5%D0%BB%D0%B5%D1%86%20%D0%B4%D0%B5%D0%B2%D0%B0-1400x748.jpg","Jump6WbUa3ofwbXVfByUSA==":"%D1%81%D1%82%D1%80%D0%B5%D0%BB%D0%B5%D1%86%20%D0%B2%D0%B5%D1%81%D1%8B-1400x744.jpg","sraxjzuuK/4DNY7AheGXCA==":"%D1%81%D1%82%D1%80%D0%B5%D0%BB%D0%B5%D1%86%20%D1%81%D0%BA%D0%BE%D1%80%D0%BF-1400x742.jpg","AefctOYv8u/+ngG2mb0T9g==":"%D0%BA%D0%BE%D0%B7%D0%B5%D1%80%D0%BE%D0%B3%20%D0%BE%D0%B2%D0%B5%D0%BD-1400x927.jpg","wIzlPKPkhurMl4lcQmORrw==":"%D1%82%D0%B5%D0%BB%D0%B5%D1%86-%D0%BA%D0%BE%D0%B7%D0%B5%D1%80%D0%BE%D0%B3-1400x889.jpg","hq7K1emOdZtvD5qXMCM/0w==":"%D0%BA%D0%BE%D0%B7%D0%B5%D1%80%D0%BE%D0%B3-%D1%82%D0%B5%D0%BB%D0%B5%D1%86-1400x889.jpg","qle4BaJ8fC/NOunstPreng==":"%D0%BA%D0%BE%D0%B7%D0%B5%D1%80%D0%BE%D0%B3%20%D0%B1%D0%BB%D0%B8%D0%B7%D0%BD%D0%B5%D1%86-1400x841.jpg","vVc2gvGZm6lTk5YiqRx24A==":"%D0%BA%D0%BE%D0%B7%D0%B5%D1%80%D0%BE%D0%B3%20%D1%80%D0%B0%D0%BA-1400x841.jpg","Va1r33JJv+8w1Q1WaDFC6g==":"%D0%BA%D0%BE%D0%B7%D0%B5%D1%80%D0%BE%D0%B3%20%D0%BB%D0%B5%D0%B2-1400x841.jpg","e3kNPE8DBFD4REsw7rMr2A==":"%D0%BA%D0%BE%D0%B7%D0%B5%D1%80%D0%BE%D0%B3%D0%B4%D0%B5%D0%B2%D0%B0-1400x841.jpg","ebzOXfLH59gT5TChemYfCQ==":"%D0%BA%D0%BE%D0%B7%D0%B5%D1%80%D0%BE%D0%B3%20%D0%B2%D0%B5%D1%81%D1%8B-1399x901.jpg","smov5978pRNdlQRtgLu5WA==":"%D0%BA%D0%BE%D0%B7%D0%B5%D1%80%20%D1%81%D0%BA%D0%BE%D1%80%D0%BF-1400x856.jpg","b9bxFWYUtkK3hLsUGwN4ZQ==":"%D1%80%D0%B0%D0%BA-%D1%82%D0%B5%D0%BB%D0%B5%D1%86-1400x889.jpg","fPX5m24bOPnTNJaAfq2gUA==":"%D1%80%D0%B0%D0%BA-%D0%B1%D0%BB%D0%B7%D0%BD-1400x841.jpg","8iuFbnZTAGFat7IKshormw==":"%D0%BB%D0%B5%D0%B2-1400x1211.jpg","DwO3qBC+O6Dq0Q5stcEaqw==":"%D1%81%D1%82%D1%80%D0%B5%D0%BB%D0%B5%D1%86%20%D1%82%D0%B5%D0%BB%D0%B5%D1%86-1400x889.jpg","DijDhXd32IIkrUuK9hcOqw==":"%D0%BA%D0%BE%D0%B7%D0%B5%D1%80%D0%BE%D0%B3%20%D1%81%D1%82%D1%80%D0%B5%D0%BB%D0%B5%D1%86-1400x883.jpg","lOR34Dbxdhhcex778Mitmw==":"%D0%BA%D0%BE%D0%B7%D0%B5%D1%80%D0%BE%D0%B3%20%D0%BA%D0%BE%D0%B7%D0%B5%D1%80%D0%BE%D0%B3-1400x1037.jpg","xzpZwf49DVjEQR3PBMY0wg==":"%D0%BA%D0%BE%D0%B7%D0%B5%D1%80%D0%BE%D0%B3%20%D0%B2%D0%BE%D0%B4%D0%BE%D0%BB%D0%B5%D0%B9-1400x941.jpg","ajfvlPUkT/hg711Woa2NIw==":"%D0%BA%D0%BE%D0%B7%D0%B5%D1%80%D0%BE%D0%B3%20%D1%80%D1%8B%D0%B1%D1%8B-1400x866.jpg","Fo8tqTpcVsawIeB1Au7pMA==":"%D0%B2%D0%BE%D0%B4%D0%BE%D0%BB%D0%B5%D0%B9%20%D0%BE%D0%B2%D0%B5%D0%BD-1400x889.jpg","zrwz28PY7GumHQKY5VFj+Q==":"%D0%B2%D0%BE%D0%B4%D0%BE%D0%BB%D0%B5%D0%B9%20%D1%82%D0%B5%D0%BB%D0%B5%D1%86-1400x881.jpg","SWE49dU2vvkccD1HFWJMig==":"%D0%B2%D0%BE%D0%B4%D0%BE%D0%BB%20%D0%B1%D0%BB%D0%B7%D0%BD-1400x841.jpg","Aa2FLJgEMrHgip7IynWatw==":"%D0%B2%D0%BE%D0%B4%D0%BE%D0%BB%20%D1%80%D0%B0%D0%BA-1400x834.jpg","rYGYmzf5C/KxootCEaryMg==":"%D0%B2%D0%BE%D0%B4%D0%BE%D0%BB%D0%B5%D0%B9%20%D0%B2%D0%B5%D1%81%D1%8B-1400x769.jpg","WH6oEnbLxQnj+Tm0812BCA==":"%D0%B2%D0%BE%D0%B4%D0%BE%D0%BB%D0%B5%D0%B9%20%D0%B4%D0%B5%D0%B2%D0%B0-1400x813.jpg","npq+pjAhFOIPlcgVR0GrlA==":"%D0%B2%D0%BE%D0%B4%D0%BE%D0%BB%20%D1%81%D0%BA%D0%BE%D1%80%D0%BF%D0%B8%D0%BE%D0%BD-1399x802.jpg","r9n4wXslzeTCxHyjCYTr+A==":"%D0%B2%D0%BE%D0%B4%D0%BE%D0%BB%D0%B5%D0%B9%20%D1%81%D1%82%D1%80%D0%B5%D0%BB%D0%B5%D1%86-1400x841.jpg","w8Q9q6b5kpRVi0mG8bVi9g==":"%D0%B2%D0%BE%D0%B4%D0%BE%D0%BB%D0%B5%D0%B9%20%D0%BA%D0%BE%D0%B7%D0%B5%D1%80%D0%BE%D0%B3-1400x941.jpg","DI2zuqpsUo7YYA0ixdFAxg==":"%D0%B2%D0%BE%D0%B4%D0%BE%D0%BB%D0%B5%D0%B9%20%D0%B2%D0%BE%D0%B4%D0%BE%D0%BB%D0%B5%D0%B9-1400x937.jpg","hVbYr/7q5zr7ezF7AaeJug==":"%D0%B2%D0%BE%D0%B4%D0%BE%D0%BB%D0%B5%D0%B9%20%D1%80%D1%8B%D0%B1%D1%8B-1400x805.jpg","riXUdXJtGdjT53maMbYfag==":"%D1%80%D1%8B%D0%B1%D1%8B%20%D1%80%D1%8B%D0%B1%D1%8B-1400x750.jpg","EaRMyIjZApjPp+WOF17FTw==":"%D1%80%D1%8B%D0%B1%D1%8B%20%D0%B2%D0%BE%D0%B4%D0%BE%D0%BB%D0%B5%D0%B9-1400x805.jpg","x6O7D2RcEXpTeYxIrnpxMg==":"%D1%80%D1%8B%D0%B1%D1%8B%20%D0%BA%D0%BE%D0%B7%D0%B5%D1%80%D0%BE%D0%B3-1400x866.jpg","2Atp6mmNjvBHVv/Blq59Ag==":"%D1%80%D1%8B%D0%B1%D1%8B%20%D1%81%D1%82%D1%80%D0%B5%D0%BB%D0%B5%D1%86-1400x728.jpg","s7q+spDUctUb4tdzY/DAPg==":"%D1%80%D1%8B%D0%B1%D1%8B%20%D1%81%D0%BA%D0%BE%D1%80%D0%BF-1400x742.jpg","8Tck1TazlPKJE5bE22Ufig==":"%D1%80%D1%8B%D0%B1%D1%8B%20%D0%B2%D0%B5%D1%81%D1%8B-1400x701.jpg","+sj19/kXxssVT6iRVWdVwg==":"%D1%80%D1%8B%D0%B1%D1%8B%20%D0%B4%D0%B5%D0%B2%D0%B0-1400x697.jpg","mgPsX1XJTSm9s0JB76FRjA==":"%D1%80%D1%8B%D0%B1%D1%8B%20%D0%BB%D0%B5%D0%B2-1400x756.jpg","VKf54kPkHiRWsmteYIMqrg==":"%D1%80%D1%8B%D0%B1%D1%8B%20%D1%80%D0%B0%D0%BA-1400x755.jpg","asfC72/sJFeWg96JK6szGQ==":"%D1%80%D1%8B%D0%B1%D1%8B%20%D0%B1%D0%BB%D0%B8%D0%B7%D0%BD-1400x841.jpg","mFzTXY2yITsbgj6OADoC8A==":"%D1%80%D1%8B%D0%B1%D1%8B%20%D1%82%D0%B5%D0%BB%D0%B5%D1%86-1400x889.jpg","KL+ZFQIIWhsws+pAIZJzXQ==":"%D1%80%D1%8B%D0%B1%D1%8B%20%D0%BE%D0%B2%D0%B5%D0%BD-1400x889.jpg"}